name,env_var,configured,credential_preview,openbb_credential
Alpha Vantage,ALPHA_VANTAGE_API_KEY,False,,alpha_vantage_api_key
Tiingo,TIINGO_TOKEN,False,,tiingo_token
Financial Modeling Prep,FMP_API_KEY,False,,fmp_api_key
Polygon,POLYGON_API_KEY,False,,polygon_api_key
Intrinio,INTRINIO_API_KEY,False,,intrinio_api_key
FRED,FRED_API_KEY,False,,fred_api_key
BLS,BLS_API_KEY,False,,
CFTC,CFTC_APP_TOKEN,False,,
Congress.gov,CONGRESS_GOV_API_KEY,False,,
EconDB,ECONDB_API_KEY,False,,
EIA,EIA_API_KEY,False,,
Nasdaq Data Link,NASDAQ_API_KEY,False,,nasdaq_api_key
